{
    "name": "root",
    "gauges": {
        "GridFoodCollector.Policy.Entropy.mean": {
            "value": 1.8613667488098145,
            "min": 1.8613667488098145,
            "max": 2.120258092880249,
            "count": 10
        },
        "GridFoodCollector.Policy.Entropy.sum": {
            "value": 92621.609375,
            "min": 92621.609375,
            "max": 106419.8359375,
            "count": 10
        },
        "GridFoodCollector.Step.mean": {
            "value": 499960.0,
            "min": 49984.0,
            "max": 499960.0,
            "count": 10
        },
        "GridFoodCollector.Step.sum": {
            "value": 499960.0,
            "min": 49984.0,
            "max": 499960.0,
            "count": 10
        },
        "GridFoodCollector.Policy.ExtrinsicValueEstimate.mean": {
            "value": 0.5827519297599792,
            "min": 0.007081534247845411,
            "max": 0.5827519297599792,
            "count": 10
        },
        "GridFoodCollector.Policy.ExtrinsicValueEstimate.sum": {
            "value": 467.9497985839844,
            "min": 5.636901378631592,
            "max": 467.9497985839844,
            "count": 10
        },
        "GridFoodCollector.TotalScore.mean": {
            "value": 0.0,
            "min": 0.0,
            "max": 0.0,
            "count": 10
        },
        "GridFoodCollector.TotalScore.sum": {
            "value": 0.0,
            "min": 0.0,
            "max": 0.0,
            "count": 10
        },
        "GridFoodCollector.Losses.PolicyLoss.mean": {
            "value": 0.02324850343703998,
            "min": 0.02296197093233015,
            "max": 0.027158755629506866,
            "count": 10
        },
        "GridFoodCollector.Losses.PolicyLoss.sum": {
            "value": 0.1162425171851999,
            "min": 0.0918478837293206,
            "max": 0.12680107437807955,
            "count": 10
        },
        "GridFoodCollector.Losses.ValueLoss.mean": {
            "value": 0.06661486313650103,
            "min": 0.0034799949102197196,
            "max": 0.06661486313650103,
            "count": 10
        },
        "GridFoodCollector.Losses.ValueLoss.sum": {
            "value": 0.3330743156825051,
            "min": 0.013919979640878878,
            "max": 0.3330743156825051,
            "count": 10
        },
        "GridFoodCollector.Policy.LearningRate.mean": {
            "value": 1.63776945408e-05,
            "min": 1.63776945408e-05,
            "max": 0.000283008005664,
            "count": 10
        },
        "GridFoodCollector.Policy.LearningRate.sum": {
            "value": 8.1888472704e-05,
            "min": 8.1888472704e-05,
            "max": 0.001132032022656,
            "count": 10
        },
        "GridFoodCollector.Policy.Epsilon.mean": {
            "value": 0.1054592,
            "min": 0.1054592,
            "max": 0.194336,
            "count": 10
        },
        "GridFoodCollector.Policy.Epsilon.sum": {
            "value": 0.527296,
            "min": 0.462272,
            "max": 0.8760640000000002,
            "count": 10
        },
        "GridFoodCollector.Policy.Beta.mean": {
            "value": 0.00028241408000000004,
            "min": 0.00028241408000000004,
            "max": 0.004717366400000001,
            "count": 10
        },
        "GridFoodCollector.Policy.Beta.sum": {
            "value": 0.0014120704000000002,
            "min": 0.0014120704000000002,
            "max": 0.018869465600000003,
            "count": 10
        },
        "GridFoodCollector.Environment.EpisodeLength.mean": {
            "value": 999.0,
            "min": 999.0,
            "max": 999.0,
            "count": 10
        },
        "GridFoodCollector.Environment.EpisodeLength.sum": {
            "value": 59940.0,
            "min": 39960.0,
            "max": 59940.0,
            "count": 10
        },
        "GridFoodCollector.Environment.CumulativeReward.mean": {
            "value": 7.796610169491525,
            "min": 0.03389830508474576,
            "max": 7.796610169491525,
            "count": 10
        },
        "GridFoodCollector.Environment.CumulativeReward.sum": {
            "value": 460.0,
            "min": 2.0,
            "max": 460.0,
            "count": 10
        },
        "GridFoodCollector.Policy.ExtrinsicReward.mean": {
            "value": 7.796610169491525,
            "min": 0.03389830508474576,
            "max": 7.796610169491525,
            "count": 10
        },
        "GridFoodCollector.Policy.ExtrinsicReward.sum": {
            "value": 460.0,
            "min": 2.0,
            "max": 460.0,
            "count": 10
        },
        "GridFoodCollector.IsTraining.mean": {
            "value": 1.0,
            "min": 1.0,
            "max": 1.0,
            "count": 10
        },
        "GridFoodCollector.IsTraining.sum": {
            "value": 1.0,
            "min": 1.0,
            "max": 1.0,
            "count": 10
        }
    },
    "metadata": {
        "timer_format_version": "0.1.0",
        "start_time_seconds": "1683131850",
        "python_version": "3.9.13 (tags/v3.9.13:6de2ca5, May 17 2022, 16:36:42) [MSC v.1929 64 bit (AMD64)]",
        "command_line_arguments": "C:\\Users\\victr\\OneDrive\\Documents\\School\\GitProjects\\coolt-neuralt-natverk\\venv\\Scripts\\mlagents-learn --run-id=GridFoodCollectorTest --force",
        "mlagents_version": "0.30.0",
        "mlagents_envs_version": "0.30.0",
        "communication_protocol_version": "1.5.0",
        "pytorch_version": "2.0.0+cu118",
        "numpy_version": "1.21.2",
        "end_time_seconds": "1683133382"
    },
    "total": 1532.2582867,
    "count": 1,
    "self": 0.006924700000126904,
    "children": {
        "run_training.setup": {
            "total": 0.08543460000000014,
            "count": 1,
            "self": 0.08543460000000014
        },
        "TrainerController.start_learning": {
            "total": 1532.1659273999999,
            "count": 1,
            "self": 0.41930209999327417,
            "children": {
                "TrainerController._reset_env": {
                    "total": 14.1484557,
                    "count": 1,
                    "self": 14.1484557
                },
                "TrainerController.advance": {
                    "total": 1517.4940751000067,
                    "count": 25064,
                    "self": 0.38851080001768423,
                    "children": {
                        "env_step": {
                            "total": 1367.2643536999958,
                            "count": 25064,
                            "self": 1234.7923730000034,
                            "children": {
                                "SubprocessEnvManager._take_step": {
                                    "total": 132.09593549998863,
                                    "count": 25064,
                                    "self": 1.4004629999924134,
                                    "children": {
                                        "TorchPolicy.evaluate": {
                                            "total": 130.6954724999962,
                                            "count": 25064,
                                            "self": 130.6954724999962
                                        }
                                    }
                                },
                                "workers": {
                                    "total": 0.3760452000038299,
                                    "count": 25064,
                                    "self": 0.0,
                                    "children": {
                                        "worker_root": {
                                            "total": 1518.3733854999953,
                                            "count": 25064,
                                            "is_parallel": true,
                                            "self": 323.55650399998603,