{"count":1,"self":42.084716799999995,"total":43.8480899,"children":{"InitializeActuators":{"count":2,"self":0.0009999,"total":0.0009999,"children":null},"InitializeSensors":{"count":2,"self":0.0020020999999999997,"total":0.0020020999999999997,"children":null},"AgentSendState":{"count":1965,"self":0.0161071,"total":0.0961638,"children":{"CollectObservations":{"count":786,"self":0.063444199999999992,"total":0.063444199999999992,"children":null},"WriteActionMask":{"count":786,"self":0.0024522,"total":0.0024522,"children":null},"RequestDecision":{"count":786,"self":0.014160299999999999,"total":0.014160299999999999,"children":null}}},"DecideAction":{"count":1965,"self":1.6571665999999998,"total":1.6571665999999998,"children":null},"AgentAct":{"count":1965,"self":0.0065042,"total":0.0065042,"children":null}},"gauges":{"TagHunter.CumulativeReward":{"count":4,"max":1424.77124,"min":-0.400000036,"runningAverage":408.009033,"value":1424.77124,"weightedAverage":394.967773},"TagPrey.CumulativeReward":{"count":4,"max":23.4403458,"min":-199.86,"runningAverage":-140.294861,"value":-185.159851,"weightedAverage":-154.206436}},"metadata":{"timer_format_version":"0.1.0","start_time_seconds":"1684749092","unity_version":"2021.3.25f1","command_line_arguments":"C:\\Program Files\\Unity\\Hub\\Editor\\2021.3.25f1\\Editor\\Unity.exe -projectpath C:\\Users\\jespe\\coolt-neuralt-natverk -useHub -hubIPC -cloudEnvironment production -licensingIpc LicenseClient-jespe -hubSessionId 2b31e570-f7f2-11ed-be9c-a7383c1acf90","communication_protocol_version":"1.5.0","com.unity.ml-agents_version":"2.0.1","scene_name":"TagScene","end_time_seconds":"1684749136"}}