{
    "name": "root",
    "gauges": {
        "TagHunter.Policy.Entropy.mean": {
            "value": 1.4864442348480225,
            "min": 1.4226832389831543,
            "max": 1.4864442348480225,
            "count": 58
        },
        "TagHunter.Policy.Entropy.sum": {
            "value": 74238.96875,
            "min": 70832.3828125,
            "max": 74281.6015625,
            "count": 58
        },
        "TagHunter.Environment.EpisodeLength.mean": {
            "value": 1140.878048780488,
            "min": 515.5487804878048,
            "max": 1626.3870967741937,
            "count": 58
        },
        "TagHunter.Environment.EpisodeLength.sum": {
            "value": 46776.0,
            "min": 40329.0,
            "max": 59397.0,
            "count": 58
        },
        "TagHunter.Step.mean": {
            "value": 2899975.0,
            "min": 49973.0,
            "max": 2899975.0,
            "count": 58
        },
        "TagHunter.Step.sum": {
            "value": 2899975.0,
            "min": 49973.0,
            "max": 2899975.0,
            "count": 58
        },
        "TagHunter.Policy.ExtrinsicValueEstimate.mean": {
            "value": -13.857521057128906,
            "min": -17.0831298828125,
            "max": -3.993032455444336,
            "count": 58
        },
        "TagHunter.Policy.ExtrinsicValueEstimate.sum": {
            "value": -11169.162109375,
            "min": -14076.4990234375,
            "max": -3290.2587890625,
            "count": 58
        },
        "TagHunter.Environment.CumulativeReward.mean": {
            "value": -167.79853156717812,
            "min": -214.30579886897917,
            "max": -85.52079927779734,
            "count": 58
        },
        "TagHunter.Environment.CumulativeReward.sum": {
            "value": -6879.739794254303,
            "min": -11199.179992675781,
            "max": -4072.139829456806,
            "count": 58
        },
        "TagHunter.Policy.ExtrinsicReward.mean": {
            "value": -167.79853156717812,
            "min": -214.30579886897917,
            "max": -85.52079927779734,
            "count": 58
        },
        "TagHunter.Policy.ExtrinsicReward.sum": {
            "value": -6879.739794254303,
            "min": -11199.179992675781,
            "max": -4072.139829456806,
            "count": 58
        },
        "TagHunter.Losses.PolicyLoss.mean": {
            "value": 0.02181957264741262,
            "min": 0.020485398010350764,
            "max": 0.027820556835892303,
            "count": 58
        },
        "TagHunter.Losses.PolicyLoss.sum": {
            "value": 0.1090978632370631,
            "min": 0.08738715451521178,
            "max": 0.1391027841794615,
            "count": 58
        },
        "TagHunter.Losses.ValueLoss.mean": {
            "value": 163.98240604400635,
            "min": 55.52464343974988,
            "max": 400.1109058062235,
            "count": 58
        },
        "TagHunter.Losses.ValueLoss.sum": {
            "value": 819.9120302200317,
            "min": 277.6232171987494,
            "max": 1807.1573521931966,
            "count": 58
        },
        "TagHunter.Policy.LearningRate.mean": {
            "value": 0.00012726947757686,
            "min": 0.00012726947757686,
            "max": 0.0002984385005205,
            "count": 58
        },
        "TagHunter.Policy.LearningRate.sum": {
            "value": 0.0006363473878843,
            "min": 0.0005818328060558001,
            "max": 0.0014783032872322402,
            "count": 58
        },
        "TagHunter.Policy.Epsilon.mean": {
            "value": 0.14242314000000003,
            "min": 0.14242314000000003,
            "max": 0.19947949999999998,
            "count": 58
        },
        "TagHunter.Policy.Epsilon.sum": {
            "value": 0.7121157000000001,
            "min": 0.5939442000000001,
            "max": 0.9927677600000001,
            "count": 58
        },
        "TagHunter.Policy.Beta.mean": {
            "value": 0.002126914686,
            "min": 0.002126914686,
            "max": 0.0049740270500000005,
            "count": 58
        },
        "TagHunter.Policy.Beta.sum": {
            "value": 0.01063457343,
            "min": 0.009717815580000002,
            "max": 0.024639111223999997,
            "count": 58
        },
        "TagHunter.IsTraining.mean": {
            "value": 1.0,
            "min": 1.0,
            "max": 1.0,
            "count": 58
        },
        "TagHunter.IsTraining.sum": {
            "value": 1.0,
            "min": 1.0,
            "max": 1.0,
            "count": 58
        },
        "TagPrey.Policy.Entropy.mean": {
            "value": 1.6421977281570435,
            "min": 1.4177740812301636,
            "max": 1.6421977281570435,
            "count": 58
        },
        "TagPrey.Policy.Entropy.sum": {
            "value": 81899.6875,
            "min": 70761.6640625,
            "max": 82408.6484375,
            "count": 58
        },
        "TagPrey.Environment.EpisodeLength.mean": {
            "value": 1005.4905660377359,
            "min": 423.6835443037975,
            "max": 1517.611111111111,
            "count": 58
        },
        "TagPrey.Environment.EpisodeLength.sum": {
            "value": 53291.0,
            "min": 33471.0,
            "max": 54665.0,
            "count": 58
        },
        "TagPrey.Step.mean": {
            "value": 2899938.0,
            "min": 49999.0,
            "max": 2899938.0,
            "count": 58
        },
        "TagPrey.Step.sum": {
            "value": 2899938.0,
            "min": 49999.0,
            "max": 2899938.0,
            "count": 58
        },
        "TagPrey.Policy.ExtrinsicValueEstimate.mean": {
            "value": -2.991773843765259,
            "min": -6.9980878829956055,
            "max": 3.193190574645996,
            "count": 58
        },
        "TagPrey.Policy.ExtrinsicValueEstimate.sum": {
            "value": -2417.353271484375,
            "min": -5696.443359375,
            "max": 2576.90478515625,
            "count": 58
        },
        "TagPrey.Environment.CumulativeReward.mean": {
            "value": -57.88490802836868,
            "min": -141.7310235151687,
            "max": 62.92999389726255,
            "count": 58
        },
        "TagPrey.Environment.CumulativeReward.sum": {
            "value": -3067.90012550354,
            "min": -11055.019834183156,
            "max": 2265.4797803014517,
            "count": 58
        },
        "TagPrey.Policy.ExtrinsicReward.mean": {
            "value": -57.88490802836868,
            "min": -141.7310235151687,
            "max": 62.92999389726255,
            "count": 58
        },
        "TagPrey.Policy.ExtrinsicReward.sum": {
            "value": -3067.90012550354,
            "min": -11055.019834183156,
            "max": 2265.4797803014517,
            "count": 58
        },
        "TagPrey.Losses.PolicyLoss.mean": {
            "value": 0.02281161869953697,
            "min": 0.02012075989196698,
            "max": 0.027027538819238545,
            "count": 58
        },
        "TagPrey.Losses.PolicyLoss.sum": {
            "value": 0.09124647479814788,
            "min": 0.08395354569268723,
            "max": 0.13513769409619272,
            "count": 58
        },
        "TagPrey.Losses.ValueLoss.mean": {
            "value": 247.3198812484741,
            "min": 81.17981716066598,
            "max": 385.6907677968343,
            "count": 58
        },
        "TagPrey.Losses.ValueLoss.sum": {
            "value": 989.2795249938964,
            "min": 405.8990858033299,
            "max": 1542.7630711873371,
            "count": 58
        },
        "TagPrey.Policy.LearningRate.mean": {
            "value": 0.00012754091748638002,
            "min": 0.00012754091748638002,
            "max": 0.0002984399555200149,
            "count": 58
        },