{
    "name": "root",
    "gauges": {
        "TagHunter.Policy.Entropy.mean": {
            "value": 1.3587188720703125,
            "min": 1.3587188720703125,
            "max": 1.4162172079086304,
            "count": 100
        },
        "TagHunter.Policy.Entropy.sum": {
            "value": 67880.234375,
            "min": 67725.375,
            "max": 71224.3984375,
            "count": 100
        },
        "TagHunter.Environment.EpisodeLength.mean": {
            "value": 528.0842105263158,
            "min": 195.156,
            "max": 696.90625,
            "count": 100
        },
        "TagHunter.Environment.EpisodeLength.sum": {
            "value": 50168.0,
            "min": 44602.0,
            "max": 52969.0,
            "count": 100
        },
        "TagHunter.Step.mean": {
            "value": 4999977.0,
            "min": 49948.0,
            "max": 4999977.0,
            "count": 100
        },
        "TagHunter.Step.sum": {
            "value": 4999977.0,
            "min": 49948.0,
            "max": 4999977.0,
            "count": 100
        },
        "TagHunter.Policy.ExtrinsicValueEstimate.mean": {
            "value": 290.7226867675781,
            "min": -27.305307388305664,
            "max": 297.1077880859375,
            "count": 100
        },
        "TagHunter.Policy.ExtrinsicValueEstimate.sum": {
            "value": 242172.0,
            "min": -22881.84765625,
            "max": 242439.953125,
            "count": 100
        },
        "TagHunter.Environment.CumulativeReward.mean": {
            "value": 1574.0729826978948,
            "min": -148.74504221111786,
            "max": 2180.57892967551,
            "count": 100
        },
        "TagHunter.Environment.CumulativeReward.sum": {
            "value": 149536.9333563,
            "min": -22070.1002779603,
            "max": 154562.6937532425,
            "count": 100
        },
        "TagHunter.Policy.ExtrinsicReward.mean": {
            "value": 1574.0729826978948,
            "min": -148.74504221111786,
            "max": 2180.57892967551,
            "count": 100
        },
        "TagHunter.Policy.ExtrinsicReward.sum": {
            "value": 149536.9333563,
            "min": -22070.1002779603,
            "max": 154562.6937532425,
            "count": 100
        },
        "TagHunter.Losses.PolicyLoss.mean": {
            "value": 0.025346077298745516,
            "min": 0.020119903267671664,
            "max": 0.02864483973321815,
            "count": 100
        },
        "TagHunter.Losses.PolicyLoss.sum": {
            "value": 0.1267303864937276,
            "min": 0.08336478161315124,
            "max": 0.14322419866609076,
            "count": 100
        },
        "TagHunter.Losses.ValueLoss.mean": {
            "value": 3319.3636914062504,
            "min": 612.7404876708985,
            "max": 4218.983061523437,
            "count": 100
        },
        "TagHunter.Losses.ValueLoss.sum": {
            "value": 16596.81845703125,
            "min": 2779.9971689860026,
            "max": 21094.915307617186,
            "count": 100
        },
        "TagHunter.Policy.LearningRate.mean": {
            "value": 1.6092394636199954e-06,
            "min": 1.6092394636199954e-06,
            "max": 0.000298459155513615,
            "count": 100
        },
        "TagHunter.Policy.LearningRate.sum": {
            "value": 8.046197318099977e-06,
            "min": 8.046197318099977e-06,
            "max": 0.0014784310871896402,
            "count": 100
        },
        "TagHunter.Policy.Epsilon.mean": {
            "value": 0.10053637999999998,
            "min": 0.10053637999999998,
            "max": 0.19948638499999993,
            "count": 100
        },
        "TagHunter.Policy.Epsilon.sum": {
            "value": 0.5026818999999999,
            "min": 0.40995937999999993,
            "max": 0.9928103600000001,
            "count": 100
        },
        "TagHunter.Policy.Beta.mean": {
            "value": 3.6765361999999934e-05,
            "min": 3.6765361999999934e-05,
            "max": 0.0049743706115,
            "count": 100
        },
        "TagHunter.Policy.Beta.sum": {
            "value": 0.00018382680999999966,
            "min": 0.00018382680999999966,
            "max": 0.024641236964000002,
            "count": 100
        },
        "TagHunter.IsTraining.mean": {
            "value": 1.0,
            "min": 1.0,
            "max": 1.0,
            "count": 100
        },
        "TagHunter.IsTraining.sum": {
            "value": 1.0,
            "min": 1.0,
            "max": 1.0,
            "count": 100
        },
        "TagPrey.Policy.Entropy.mean": {
            "value": 1.4419416189193726,
            "min": 1.417123556137085,
            "max": 1.4784966707229614,
            "count": 100
        },
        "TagPrey.Policy.Entropy.sum": {
            "value": 72050.9375,
            "min": 70997.875,
            "max": 74006.8671875,
            "count": 100
        },
        "TagPrey.Environment.EpisodeLength.mean": {
            "value": 815.3709677419355,
            "min": 173.69415807560136,
            "max": 980.1,
            "count": 100
        },
        "TagPrey.Environment.EpisodeLength.sum": {
            "value": 50553.0,
            "min": 44907.0,
            "max": 54821.0,
            "count": 100
        },
        "TagPrey.Step.mean": {
            "value": 4999974.0,
            "min": 49976.0,
            "max": 4999974.0,
            "count": 100
        },
        "TagPrey.Step.sum": {
            "value": 4999974.0,
            "min": 49976.0,
            "max": 4999974.0,
            "count": 100
        },
        "TagPrey.Policy.ExtrinsicValueEstimate.mean": {
            "value": -7.210751056671143,
            "min": -65.88877868652344,
            "max": -7.210751056671143,
            "count": 100
        },
        "TagPrey.Policy.ExtrinsicValueEstimate.sum": {
            "value": -5876.76220703125,
            "min": -61342.453125,
            "max": -5876.76220703125,
            "count": 100
        },
        "TagPrey.Environment.CumulativeReward.mean": {
            "value": -73.25257856615129,
            "min": -182.5385466546334,
            "max": -49.93559720039368,
            "count": 100
        },
        "TagPrey.Environment.CumulativeReward.sum": {
            "value": -4541.659871101379,
            "min": -52936.17852984369,
            "max": -2496.779860019684,
            "count": 100
        },
        "TagPrey.Policy.ExtrinsicReward.mean": {
            "value": -73.25257856615129,
            "min": -182.5385466546334,
            "max": -49.93559720039368,
            "count": 100
        },
        "TagPrey.Policy.ExtrinsicReward.sum": {
            "value": -4541.659871101379,
            "min": -52936.17852984369,
            "max": -2496.779860019684,
            "count": 100
        },
        "TagPrey.Losses.PolicyLoss.mean": {
            "value": 0.02464912311794857,
            "min": 0.01913460892159492,
            "max": 0.028330680453218522,
            "count": 100
        },
        "TagPrey.Losses.PolicyLoss.sum": {
            "value": 0.12324561558974285,
            "min": 0.0884872084017843,
            "max": 0.1416534022660926,
            "count": 100
        },
        "TagPrey.Losses.ValueLoss.mean": {
            "value": 267.0154899787903,
            "min": 228.57975945154826,
            "max": 1292.8579711914062,
            "count": 100
        },
        "TagPrey.Losses.ValueLoss.sum": {
            "value": 1335.0774498939516,
            "min": 929.0379383087159,
            "max": 5171.431884765625,
            "count": 100
        },
        "TagPrey.Policy.LearningRate.mean": {
            "value": 1.6048834650720034e-06,
            "min": 1.6048834650720034e-06,
            "max": 0.000298458855513715,
            "count": 100
        },