{
    "name": "root",
    "gauges": {
        "TagHunter.Policy.Entropy.mean": {
            "value": 1.2941917181015015,
            "min": 1.2941917181015015,
            "max": 1.428441047668457,
            "count": 50
        },
        "TagHunter.Policy.Entropy.sum": {
            "value": 64761.35546875,
            "min": 64554.828125,
            "max": 71544.5859375,
            "count": 50
        },
        "TagHunter.Step.mean": {
            "value": 2499982.0,
            "min": 49965.0,
            "max": 2499982.0,
            "count": 50
        },
        "TagHunter.Step.sum": {
            "value": 2499982.0,
            "min": 49965.0,
            "max": 2499982.0,
            "count": 50
        },
        "TagHunter.Policy.ExtrinsicValueEstimate.mean": {
            "value": 60.31684494018555,
            "min": -6.049551010131836,
            "max": 102.52313995361328,
            "count": 50
        },
        "TagHunter.Policy.ExtrinsicValueEstimate.sum": {
            "value": 56154.984375,
            "min": -4894.0869140625,
            "max": 108674.53125,
            "count": 50
        },
        "TagHunter.Environment.EpisodeLength.mean": {
            "value": 188.26545454545453,
            "min": 87.07329842931937,
            "max": 1461.375,
            "count": 50
        },
        "TagHunter.Environment.EpisodeLength.sum": {
            "value": 51773.0,
            "min": 37963.0,
            "max": 56148.0,
            "count": 50
        },
        "TagHunter.Environment.CumulativeReward.mean": {
            "value": 171.6741721939499,
            "min": -99.9482332913972,
            "max": 187.75859285054977,
            "count": 50
        },
        "TagHunter.Environment.CumulativeReward.sum": {
            "value": 47210.397353336215,
            "min": -3398.239931907505,
            "max": 107585.67370336503,
            "count": 50
        },
        "TagHunter.Policy.ExtrinsicReward.mean": {
            "value": 171.6741721939499,
            "min": -99.9482332913972,
            "max": 187.75859285054977,
            "count": 50
        },
        "TagHunter.Policy.ExtrinsicReward.sum": {
            "value": 47210.397353336215,
            "min": -3398.239931907505,
            "max": 107585.67370336503,
            "count": 50
        },
        "TagHunter.Losses.PolicyLoss.mean": {
            "value": 0.022482888748248418,
            "min": 0.01979236956685781,
            "max": 0.026670301433963078,
            "count": 50
        },
        "TagHunter.Losses.PolicyLoss.sum": {
            "value": 0.11241444374124208,
            "min": 0.09094866115289431,
            "max": 0.13287336494152743,
            "count": 50
        },
        "TagHunter.Losses.ValueLoss.mean": {
            "value": 386.31062194824216,
            "min": 72.90307455440363,
            "max": 724.761279703776,
            "count": 50
        },
        "TagHunter.Losses.ValueLoss.sum": {
            "value": 1931.5531097412108,
            "min": 364.51537277201817,
            "max": 3623.80639851888,
            "count": 50
        },
        "TagHunter.Policy.LearningRate.mean": {
            "value": 2.698323100591998e-06,
            "min": 2.698323100591998e-06,
            "max": 0.00029687199104266995,
            "count": 50
        },
        "TagHunter.Policy.LearningRate.sum": {
            "value": 1.3491615502959991e-05,
            "min": 1.3491615502959991e-05,
            "max": 0.0014565868944710397,
            "count": 50
        },
        "TagHunter.Policy.Epsilon.mean": {
            "value": 0.100899408,
            "min": 0.100899408,
            "max": 0.19895733000000004,
            "count": 50
        },
        "TagHunter.Policy.Epsilon.sum": {
            "value": 0.50449704,
            "min": 0.44391716,
            "max": 0.9855289599999998,
            "count": 50
        },
        "TagHunter.Policy.Beta.mean": {
            "value": 5.4880459199999975e-05,
            "min": 5.4880459199999975e-05,
            "max": 0.004947970767,
            "count": 50
        },
        "TagHunter.Policy.Beta.sum": {
            "value": 0.0002744022959999999,
            "min": 0.0002744022959999999,
            "max": 0.024277895104,
            "count": 50
        },
        "TagHunter.IsTraining.mean": {
            "value": 1.0,
            "min": 1.0,
            "max": 1.0,
            "count": 50
        },
        "TagHunter.IsTraining.sum": {
            "value": 1.0,
            "min": 1.0,
            "max": 1.0,
            "count": 50
        },
        "TagPrey.Policy.Entropy.mean": {
            "value": 1.3324276208877563,
            "min": 1.3324276208877563,
            "max": 1.4381120204925537,
            "count": 50
        },
        "TagPrey.Policy.Entropy.sum": {
            "value": 66674.6796875,
            "min": 66555.6953125,
            "max": 72049.4140625,
            "count": 50
        },
        "TagPrey.Step.mean": {
            "value": 2499982.0,
            "min": 49983.0,
            "max": 2499982.0,
            "count": 50
        },
        "TagPrey.Step.sum": {
            "value": 2499982.0,
            "min": 49983.0,
            "max": 2499982.0,
            "count": 50
        },
        "TagPrey.Policy.ExtrinsicValueEstimate.mean": {
            "value": -45.829063415527344,
            "min": -92.26103210449219,
            "max": 2.877399444580078,
            "count": 50
        },
        "TagPrey.Policy.ExtrinsicValueEstimate.sum": {
            "value": -42758.515625,
            "min": -97888.953125,
            "max": 2304.796875,
            "count": 50
        },
        "TagPrey.Environment.EpisodeLength.mean": {
            "value": 186.62230215827338,
            "min": 87.41114982578397,
            "max": 1441.125,
            "count": 50
        },
        "TagPrey.Environment.EpisodeLength.sum": {
            "value": 51881.0,
            "min": 39008.0,
            "max": 55269.0,
            "count": 50
        },
        "TagPrey.Environment.CumulativeReward.mean": {
            "value": -174.09875849998897,
            "min": -190.16984106796284,
            "max": 56.66562363621779,
            "count": 50
        },
        "TagPrey.Environment.CumulativeReward.sum": {
            "value": -48399.454862996936,
            "min": -109157.48877301067,
            "max": 1813.2999563589692,
            "count": 50
        },
        "TagPrey.Policy.ExtrinsicReward.mean": {
            "value": -174.09875849998897,
            "min": -190.16984106796284,
            "max": 56.66562363621779,
            "count": 50
        },
        "TagPrey.Policy.ExtrinsicReward.sum": {
            "value": -48399.454862996936,
            "min": -109157.48877301067,
            "max": 1813.2999563589692,
            "count": 50
        },
        "TagPrey.Losses.PolicyLoss.mean": {
            "value": 0.023218863469858967,
            "min": 0.020299494797363878,
            "max": 0.027248294449721773,
            "count": 50
        },
        "TagPrey.Losses.PolicyLoss.sum": {
            "value": 0.11609431734929483,
            "min": 0.0818314811370025,
            "max": 0.12914091073907913,
            "count": 50
        },
        "TagPrey.Losses.ValueLoss.mean": {
            "value": 932.3530155436198,
            "min": 89.8285336860021,
            "max": 1207.647128499349,
            "count": 50
        },
        "TagPrey.Losses.ValueLoss.sum": {
            "value": 4661.765077718099,
            "min": 433.34210929870613,
            "max": 6038.235642496745,
            "count": 50
        },
        "TagPrey.Policy.LearningRate.mean": {
            "value": 2.744283085272e-06,
            "min": 2.744283085272e-06,
            "max": 0.00029687715104094995,
            "count": 50
        },
        "TagPrey.Policy.LearningRate.sum": {
            "value": 1.372141542636e-05,