{
    "name": "root",
    "gauges": {
        "TagPrey.Policy.Entropy.mean": {
            "value": 1.4421513080596924,
            "min": 1.418938398361206,
            "max": 1.4421513080596924,
            "count": 36
        },
        "TagPrey.Policy.Entropy.sum": {
            "value": 14381.1328125,
            "min": 13932.015625,
            "max": 14915.8798828125,
            "count": 36
        },
        "TagPrey.Environment.EpisodeLength.mean": {
            "value": 1185.3333333333333,
            "min": 306.5,
            "max": 1999.0,
            "count": 35
        },
        "TagPrey.Environment.EpisodeLength.sum": {
            "value": 14224.0,
            "min": 1240.0,
            "max": 18326.0,
            "count": 35
        },
        "TagPrey.Step.mean": {
            "value": 359973.0,
            "min": 9973.0,
            "max": 359973.0,
            "count": 36
        },
        "TagPrey.Step.sum": {
            "value": 359973.0,
            "min": 9973.0,
            "max": 359973.0,
            "count": 36
        },
        "TagPrey.Policy.ExtrinsicValueEstimate.mean": {
            "value": 2.1284735202789307,
            "min": -0.0018891006475314498,
            "max": 7.9331955909729,
            "count": 36
        },
        "TagPrey.Policy.ExtrinsicValueEstimate.sum": {
            "value": 349.06964111328125,
            "min": -0.30036699771881104,
            "max": 1277.2445068359375,
            "count": 36
        },
        "TagPrey.Environment.CumulativeReward.mean": {
            "value": 1.9050010840098064,
            "min": -49.77999557148326,
            "max": 244.01109688811832,
            "count": 35
        },
        "TagPrey.Environment.CumulativeReward.sum": {
            "value": 22.860013008117676,
            "min": -547.5799512863159,
            "max": 2196.099871993065,
            "count": 35
        },
        "TagPrey.Policy.ExtrinsicReward.mean": {
            "value": 1.9050010840098064,
            "min": -49.77999557148326,
            "max": 244.01109688811832,
            "count": 35
        },
        "TagPrey.Policy.ExtrinsicReward.sum": {
            "value": 22.860013008117676,
            "min": -547.5799512863159,
            "max": 2196.099871993065,
            "count": 35
        },
        "TagPrey.IsTraining.mean": {
            "value": 1.0,
            "min": 1.0,
            "max": 1.0,
            "count": 36
        },
        "TagPrey.IsTraining.sum": {
            "value": 1.0,
            "min": 1.0,
            "max": 1.0,
            "count": 36
        },
        "TagHunter.Policy.Entropy.mean": {
            "value": 1.4135410785675049,
            "min": 1.4132416248321533,
            "max": 1.4215171337127686,
            "count": 36
        },
        "TagHunter.Policy.Entropy.sum": {
            "value": 14095.83203125,
            "min": 14005.869140625,
            "max": 14915.8798828125,
            "count": 36
        },
        "TagHunter.Environment.EpisodeLength.mean": {
            "value": 1135.5454545454545,
            "min": 317.6666666666667,
            "max": 1999.0,
            "count": 36
        },
        "TagHunter.Environment.EpisodeLength.sum": {
            "value": 12491.0,
            "min": 709.0,
            "max": 16814.0,
            "count": 36
        },
        "TagHunter.Step.mean": {
            "value": 359984.0,
            "min": 9976.0,
            "max": 359984.0,
            "count": 36
        },
        "TagHunter.Step.sum": {
            "value": 359984.0,
            "min": 9976.0,
            "max": 359984.0,
            "count": 36
        },
        "TagHunter.Policy.ExtrinsicValueEstimate.mean": {
            "value": 0.04218633845448494,
            "min": -7.67728853225708,
            "max": 0.04218633845448494,
            "count": 36
        },
        "TagHunter.Policy.ExtrinsicValueEstimate.sum": {
            "value": 6.876373291015625,
            "min": -1236.04345703125,
            "max": 6.876373291015625,
            "count": 36
        },
        "TagHunter.Environment.CumulativeReward.mean": {
            "value": -4.510909427296031,
            "min": -328.57999420166016,
            "max": 65.19110451804266,
            "count": 36
        },
        "TagHunter.Environment.CumulativeReward.sum": {
            "value": -49.62000370025635,
            "min": -1896.5798729658127,
            "max": 586.719940662384,
            "count": 36
        },
        "TagHunter.Policy.ExtrinsicReward.mean": {
            "value": -4.510909427296031,
            "min": -328.57999420166016,
            "max": 65.19110451804266,
            "count": 36
        },
        "TagHunter.Policy.ExtrinsicReward.sum": {
            "value": -49.62000370025635,
            "min": -1896.5798729658127,
            "max": 586.719940662384,
            "count": 36
        },
        "TagHunter.IsTraining.mean": {
            "value": 1.0,
            "min": 1.0,
            "max": 1.0,
            "count": 36
        },
        "TagHunter.IsTraining.sum": {
            "value": 1.0,
            "min": 1.0,
            "max": 1.0,
            "count": 36
        },
        "TagPrey.Losses.PolicyLoss.mean": {
            "value": 0.021874971268698574,
            "min": 0.01799693997018039,
            "max": 0.030470274202525616,
            "count": 34
        },
        "TagPrey.Losses.PolicyLoss.sum": {
            "value": 0.021874971268698574,
            "min": 0.01799693997018039,
            "max": 0.030470274202525616,
            "count": 34
        },
        "TagPrey.Losses.ValueLoss.mean": {
            "value": 66.99794990221659,
            "min": 0.09348260077337424,
            "max": 313.69732157389325,
            "count": 34
        },
        "TagPrey.Losses.ValueLoss.sum": {
            "value": 66.99794990221659,
            "min": 0.09348260077337424,
            "max": 313.69732157389325,
            "count": 34
        },
        "TagPrey.Policy.LearningRate.mean": {
            "value": 8.912107029299995e-05,
            "min": 8.912107029299995e-05,
            "max": 0.0002935938021353999,
            "count": 34
        },
        "TagPrey.Policy.LearningRate.sum": {
            "value": 8.912107029299995e-05,
            "min": 8.912107029299995e-05,
            "max": 0.0002935938021353999,
            "count": 34
        },
        "TagPrey.Policy.Epsilon.mean": {
            "value": 0.12970699999999996,
            "min": 0.12970699999999996,
            "max": 0.1978646,
            "count": 34
        },
        "TagPrey.Policy.Epsilon.sum": {
            "value": 0.12970699999999996,
            "min": 0.12970699999999996,
            "max": 0.1978646,
            "count": 34
        },
        "TagPrey.Policy.Beta.mean": {
            "value": 0.0014923792999999997,
            "min": 0.0014923792999999997,
            "max": 0.0048934435399999995,
            "count": 34
        },
        "TagPrey.Policy.Beta.sum": {
            "value": 0.0014923792999999997,
            "min": 0.0014923792999999997,
            "max": 0.0048934435399999995,
            "count": 34
        },
        "TagHunter.Losses.PolicyLoss.mean": {
            "value": 0.025787412654608488,
            "min": 0.015883467998355626,
            "max": 0.03169817061473926,
            "count": 34
        },
        "TagHunter.Losses.PolicyLoss.sum": {
            "value": 0.025787412654608488,
            "min": 0.015883467998355626,
            "max": 0.03169817061473926,
            "count": 34
        },
        "TagHunter.Losses.ValueLoss.mean": {
            "value": 52.28935502370199,
            "min": 0.33375953982273737,
            "max": 321.46087137858075,
            "count": 34
        },
        "TagHunter.Losses.ValueLoss.sum": {
            "value": 52.28935502370199,
            "min": 0.33375953982273737,
            "max": 321.46087137858075,