{
    "name": "root",
    "gauges": {
        "TagHunter.Policy.Entropy.mean": {
            "value": 1.4017163515090942,
            "min": 1.4017163515090942,
            "max": 1.4248427152633667,
            "count": 10
        },
        "TagHunter.Policy.Entropy.sum": {
            "value": 70143.2890625,
            "min": 70098.578125,
            "max": 71208.140625,
            "count": 10
        },
        "TagHunter.Step.mean": {
            "value": 499983.0,
            "min": 49988.0,
            "max": 499983.0,
            "count": 10
        },
        "TagHunter.Step.sum": {
            "value": 499983.0,
            "min": 49988.0,
            "max": 499983.0,
            "count": 10
        },
        "TagHunter.Policy.ExtrinsicValueEstimate.mean": {
            "value": 6.038829326629639,
            "min": -8.197287559509277,
            "max": 6.038829326629639,
            "count": 10
        },
        "TagHunter.Policy.ExtrinsicValueEstimate.sum": {
            "value": 8055.79833984375,
            "min": -6598.81640625,
            "max": 8055.79833984375,
            "count": 10
        },
        "TagHunter.Environment.EpisodeLength.mean": {
            "value": 41.33587140439932,
            "min": 41.33587140439932,
            "max": 1713.896551724138,
            "count": 10
        },
        "TagHunter.Environment.EpisodeLength.sum": {
            "value": 48859.0,
            "min": 48689.0,
            "max": 51382.0,
            "count": 10
        },
        "TagHunter.Environment.CumulativeReward.mean": {
            "value": 5.826751494367312,
            "min": -169.39792092093106,
            "max": 5.826751494367312,
            "count": 10
        },
        "TagHunter.Environment.CumulativeReward.sum": {
            "value": 6887.220266342163,
            "min": -4950.1796951293945,
            "max": 6887.220266342163,
            "count": 10
        },
        "TagHunter.Policy.ExtrinsicReward.mean": {
            "value": 5.826751494367312,
            "min": -169.39792092093106,
            "max": 5.826751494367312,
            "count": 10
        },
        "TagHunter.Policy.ExtrinsicReward.sum": {
            "value": 6887.220266342163,
            "min": -4950.1796951293945,
            "max": 6887.220266342163,
            "count": 10
        },
        "TagHunter.Losses.PolicyLoss.mean": {
            "value": 0.024609445122381054,
            "min": 0.020507083255797625,
            "max": 0.026986617939546702,
            "count": 10
        },
        "TagHunter.Losses.PolicyLoss.sum": {
            "value": 0.12304722561190527,
            "min": 0.09369000398243467,
            "max": 0.13493308969773352,
            "count": 10
        },
        "TagHunter.Losses.ValueLoss.mean": {
            "value": 0.6754825633764268,
            "min": 0.24561686815073092,
            "max": 3.078181360165278,
            "count": 10
        },
        "TagHunter.Losses.ValueLoss.sum": {
            "value": 3.3774128168821336,
            "min": 1.2280843407536546,
            "max": 12.877491615215938,
            "count": 10
        },
        "TagHunter.Policy.LearningRate.mean": {
            "value": 1.66188944604e-05,
            "min": 1.66188944604e-05,
            "max": 0.00028459875513374997,
            "count": 10
        },
        "TagHunter.Policy.LearningRate.sum": {
            "value": 8.3094472302e-05,
            "min": 8.3094472302e-05,
            "max": 0.0012844206718598,
            "count": 10
        },
        "TagHunter.Policy.Epsilon.mean": {
            "value": 0.10553959999999998,
            "min": 0.10553959999999998,
            "max": 0.19486624999999996,
            "count": 10
        },
        "TagHunter.Policy.Epsilon.sum": {
            "value": 0.5276979999999999,
            "min": 0.5001096,
            "max": 0.9281402000000001,
            "count": 10
        },
        "TagHunter.Policy.Beta.mean": {
            "value": 0.00028642604000000016,
            "min": 0.00028642604000000016,
            "max": 0.004743825875,
            "count": 10
        },
        "TagHunter.Policy.Beta.sum": {
            "value": 0.0014321302000000007,
            "min": 0.0014321302000000007,
            "max": 0.021414195980000002,
            "count": 10
        },
        "TagHunter.IsTraining.mean": {
            "value": 1.0,
            "min": 1.0,
            "max": 1.0,
            "count": 10
        },
        "TagHunter.IsTraining.sum": {
            "value": 1.0,
            "min": 1.0,
            "max": 1.0,
            "count": 10
        },
        "TagPrey.Policy.Entropy.mean": {
            "value": 1.4127867221832275,
            "min": 1.4127867221832275,
            "max": 1.42223060131073,
            "count": 10
        },
        "TagPrey.Policy.Entropy.sum": {
            "value": 70697.2578125,
            "min": 70682.0625,
            "max": 71154.7109375,
            "count": 10
        },
        "TagPrey.Step.mean": {
            "value": 499983.0,
            "min": 49988.0,
            "max": 499983.0,
            "count": 10
        },
        "TagPrey.Step.sum": {
            "value": 499983.0,
            "min": 49988.0,
            "max": 499983.0,
            "count": 10
        },
        "TagPrey.Policy.ExtrinsicValueEstimate.mean": {
            "value": -6.013219356536865,
            "min": -6.013219356536865,
            "max": 8.3703031539917,
            "count": 10
        },
        "TagPrey.Policy.ExtrinsicValueEstimate.sum": {
            "value": -8021.634765625,
            "min": -8021.634765625,
            "max": 6738.09375,
            "count": 10
        },
        "TagPrey.Environment.EpisodeLength.mean": {
            "value": 41.33587140439932,
            "min": 41.33587140439932,
            "max": 1713.896551724138,
            "count": 10
        },
        "TagPrey.Environment.EpisodeLength.sum": {
            "value": 48859.0,
            "min": 48689.0,
            "max": 51382.0,
            "count": 10
        },
        "TagPrey.Environment.CumulativeReward.mean": {
            "value": -5.806751423479135,
            "min": -5.806751423479135,
            "max": 169.74688638489823,
            "count": 10
        },
        "TagPrey.Environment.CumulativeReward.sum": {
            "value": -6863.580182552338,
            "min": -6863.580182552338,
            "max": 4950.559699058533,
            "count": 10
        },
        "TagPrey.Policy.ExtrinsicReward.mean": {
            "value": -5.806751423479135,
            "min": -5.806751423479135,
            "max": 169.74688638489823,
            "count": 10
        },
        "TagPrey.Policy.ExtrinsicReward.sum": {
            "value": -6863.580182552338,
            "min": -6863.580182552338,
            "max": 4950.559699058533,
            "count": 10
        },
        "TagPrey.Losses.PolicyLoss.mean": {
            "value": 0.021779817581797638,
            "min": 0.02167215341081222,
            "max": 0.0248125033484151,
            "count": 10
        },
        "TagPrey.Losses.PolicyLoss.sum": {
            "value": 0.1088990879089882,
            "min": 0.09020508052781225,
            "max": 0.1240625167420755,
            "count": 10
        },
        "TagPrey.Losses.ValueLoss.mean": {
            "value": 0.6847333697477976,
            "min": 0.22510048892349005,
            "max": 2.9414555152257282,
            "count": 10
        },
        "TagPrey.Losses.ValueLoss.sum": {
            "value": 3.4236668487389883,
            "min": 1.1255024446174502,
            "max": 12.741842110951742,
            "count": 10
        },
        "TagPrey.Policy.LearningRate.mean": {
            "value": 1.66188944604e-05,
            "min": 1.66188944604e-05,
            "max": 0.00028459875513374997,
            "count": 10
        },
        "TagPrey.Policy.LearningRate.sum": {
            "value": 8.3094472302e-05,