{
    "name": "root",
    "gauges": {
        "TagHunter.Policy.Entropy.mean": {
            "value": 1.4189385175704956,
            "min": 1.4189385175704956,
            "max": 1.4189385175704956,
            "count": 2
        },
        "TagHunter.Policy.Entropy.sum": {
            "value": 7151.4501953125,
            "min": 7123.0712890625,
            "max": 7151.4501953125,
            "count": 2
        },
        "TagHunter.Step.mean": {
            "value": 9996.0,
            "min": 4956.0,
            "max": 9996.0,
            "count": 2
        },
        "TagHunter.Step.sum": {
            "value": 9996.0,
            "min": 4956.0,
            "max": 9996.0,
            "count": 2
        },
        "TagHunter.Policy.ExtrinsicValueEstimate.mean": {
            "value": -0.0002995570539496839,
            "min": -0.0002995570539496839,
            "max": -0.00017088423192035407,
            "count": 2
        },
        "TagHunter.Policy.ExtrinsicValueEstimate.sum": {
            "value": -0.024264121428132057,
            "min": -0.024264121428132057,
            "max": -0.013499854132533073,
            "count": 2
        },
        "TagHunter.Environment.EpisodeLength.mean": {
            "value": 1999.0,
            "min": 1011.0,
            "max": 1999.0,
            "count": 2
        },
        "TagHunter.Environment.EpisodeLength.sum": {
            "value": 5997.0,
            "min": 3033.0,
            "max": 5997.0,
            "count": 2
        },
        "TagHunter.Environment.CumulativeReward.mean": {
            "value": -199.95998811721802,
            "min": -199.95998811721802,
            "max": -94.4866607983907,
            "count": 2
        },
        "TagHunter.Environment.CumulativeReward.sum": {
            "value": -599.879964351654,
            "min": -599.879964351654,
            "max": -283.4599823951721,
            "count": 2
        },
        "TagHunter.Policy.ExtrinsicReward.mean": {
            "value": -199.95998811721802,
            "min": -199.95998811721802,
            "max": -94.4866607983907,
            "count": 2
        },
        "TagHunter.Policy.ExtrinsicReward.sum": {
            "value": -599.879964351654,
            "min": -599.879964351654,
            "max": -283.4599823951721,
            "count": 2
        },
        "TagHunter.IsTraining.mean": {
            "value": 1.0,
            "min": 1.0,
            "max": 1.0,
            "count": 2
        },
        "TagHunter.IsTraining.sum": {
            "value": 1.0,
            "min": 1.0,
            "max": 1.0,
            "count": 2
        },
        "TagPrey.Policy.Entropy.mean": {
            "value": 1.4189385175704956,
            "min": 1.4189385175704956,
            "max": 1.4189385175704956,
            "count": 2
        },
        "TagPrey.Policy.Entropy.sum": {
            "value": 7151.4501953125,
            "min": 7123.0712890625,
            "max": 7151.4501953125,
            "count": 2
        },
        "TagPrey.Step.mean": {
            "value": 9996.0,
            "min": 4956.0,
            "max": 9996.0,
            "count": 2
        },
        "TagPrey.Step.sum": {
            "value": 9996.0,
            "min": 4956.0,
            "max": 9996.0,
            "count": 2
        },
        "TagPrey.Policy.ExtrinsicValueEstimate.mean": {
            "value": -0.0006730575114488602,
            "min": -0.0008159628487192094,
            "max": -0.0006730575114488602,
            "count": 2
        },
        "TagPrey.Policy.ExtrinsicValueEstimate.sum": {
            "value": -0.054517656564712524,
            "min": -0.06446106731891632,
            "max": -0.054517656564712524,
            "count": 2
        },
        "TagPrey.Environment.EpisodeLength.mean": {
            "value": 1999.0,
            "min": 1011.0,
            "max": 1999.0,
            "count": 2
        },
        "TagPrey.Environment.EpisodeLength.sum": {
            "value": 5997.0,
            "min": 3033.0,
            "max": 5997.0,
            "count": 2
        },
        "TagPrey.Environment.CumulativeReward.mean": {
            "value": 199.95998811721802,
            "min": 94.49999411900838,
            "max": 199.95998811721802,
            "count": 2
        },
        "TagPrey.Environment.CumulativeReward.sum": {
            "value": 599.879964351654,
            "min": 283.49998235702515,
            "max": 599.879964351654,
            "count": 2
        },
        "TagPrey.Policy.ExtrinsicReward.mean": {
            "value": 199.95998811721802,
            "min": 94.49999411900838,
            "max": 199.95998811721802,
            "count": 2
        },
        "TagPrey.Policy.ExtrinsicReward.sum": {
            "value": 599.879964351654,
            "min": 283.49998235702515,
            "max": 599.879964351654,
            "count": 2
        },
        "TagPrey.IsTraining.mean": {
            "value": 1.0,
            "min": 1.0,
            "max": 1.0,
            "count": 2
        },
        "TagPrey.IsTraining.sum": {
            "value": 1.0,
            "min": 1.0,
            "max": 1.0,
            "count": 2
        }
    },
    "metadata": {
        "timer_format_version": "0.1.0",
        "start_time_seconds": "1683826858",
        "python_version": "3.9.13 (tags/v3.9.13:6de2ca5, May 17 2022, 16:36:42) [MSC v.1929 64 bit (AMD64)]",
        "command_line_arguments": "C:\\Users\\victr\\OneDrive\\Documents\\School\\GitProjects\\coolt-neuralt-natverk\\venv\\Scripts\\mlagents-learn config/HunterPreyConfig.yaml --run-id=tagTest1 --force",
        "mlagents_version": "0.30.0",
        "mlagents_envs_version": "0.30.0",
        "communication_protocol_version": "1.5.0",
        "pytorch_version": "2.0.0+cu118",
        "numpy_version": "1.21.2",
        "end_time_seconds": "1683826962"
    },
    "total": 103.63224240000001,
    "count": 1,
    "self": 0.0057759000000174865,
    "children": {
        "run_training.setup": {
            "total": 0.08756459999999988,
            "count": 1,
            "self": 0.08756459999999988
        },
        "TrainerController.start_learning": {
            "total": 103.5389019,
            "count": 1,
            "self": 0.1331373999995833,
            "children": {
                "TrainerController._reset_env": {
                    "total": 7.4712154,
                    "count": 1,
                    "self": 7.4712154
                },
                "TrainerController.advance": {
                    "total": 95.73460260000043,
                    "count": 11783,
                    "self": 0.1641179000010169,
                    "children": {
                        "env_step": {
                            "total": 89.95857859999946,
                            "count": 11783,
                            "self": 40.645977500000505,
                            "children": {
                                "SubprocessEnvManager._take_step": {
                                    "total": 49.22745049999908,
                                    "count": 11783,
                                    "self": 0.7850064999981754,
                                    "children": {
                                        "TorchPolicy.evaluate": {
                                            "total": 48.442444000000904,
                                            "count": 23554,
                                            "self": 48.442444000000904
                                        }
                                    }
                                },
                                "workers": {
                                    "total": 0.08515059999986896,
                                    "count": 11782,
                                    "self": 0.0,
                                    "children": {
                                        "worker_root": {
                                            "total": 93.26690309999918,