{"count":1,"self":46.5188864,"total":120.30529729999999,"children":{"InitializeActuators":{"count":2,"self":0.0010008999999999999,"total":0.0010008999999999999,"children":null},"InitializeSensors":{"count":2,"self":0.0015007999999999998,"total":0.0015007999999999998,"children":null},"AgentSendState":{"count":58901,"self":0.0755737,"total":0.25374589999999997,"children":{"CollectObservations":{"count":23562,"self":0.020018599999999998,"total":0.020018599999999998,"children":null},"WriteActionMask":{"count":23562,"self":0.0085098,"total":0.0085098,"children":null},"RequestDecision":{"count":23562,"self":0.041537899999999996,"total":0.1496438,"children":{"AgentInfo.ToProto":{"count":23562,"self":0.048550199999999995,"total":0.10810589999999999,"children":{"GenerateSensorData":{"count":23562,"self":0.059555699999999996,"total":0.059555699999999996,"children":null}}}}}}},"DecideAction":{"count":58901,"self":73.38752,"total":73.387517,"children":null},"AgentAct":{"count":58901,"self":0.1426454,"total":0.1426454,"children":{"AgentInfo.ToProto":{"count":14,"self":0,"total":0,"children":{"GenerateSensorData":{"count":14,"self":0,"total":0,"children":null}}}}}},"gauges":{"TagPrey.CumulativeReward":{"count":7,"max":200.0059,"min":36.32087,"runningAverage":154.798782,"value":200.0059,"weightedAverage":177.995224},"TagHunter.CumulativeReward":{"count":7,"max":-36.32087,"min":-200.025909,"runningAverage":-154.798782,"value":-200.0059,"weightedAverage":-177.99614}},"metadata":{"timer_format_version":"0.1.0","start_time_seconds":"1683826864","unity_version":"2021.3.25f1","command_line_arguments":"C:\\Program Files\\Unity\\Hub\\Editor\\2021.3.25f1\\Editor\\Unity.exe -projectpath C:\\Users\\victr\\OneDrive\\Documents\\School\\GitProjects\\coolt-neuralt-natverk -useHub -hubIPC -cloudEnvironment production -licensingIpc LicenseClient-victr -hubSessionId a96695b8-5f06-4fa3-9994-395860fb4efc -accessToken rJ0OMNAwfNnZCM7HP6TNGayowvODXqW9ZoLYe7uwJak005f","communication_protocol_version":"1.5.0","com.unity.ml-agents_version":"2.0.1","scene_name":"MainScene","end_time_seconds":"1683826984"}}