{"count":1,"self":111.4535552,"total":137.9358085,"children":{"InitializeActuators":{"count":30,"self":0.0025283,"total":0.0025283,"children":null},"InitializeSensors":{"count":30,"self":0.0010002,"total":0.0010002,"children":null},"AgentSendState":{"count":3551,"self":0.061273499999999995,"total":2.0312074,"children":{"CollectObservations":{"count":21330,"self":1.7694261999999998,"total":1.7694261999999998,"children":null},"WriteActionMask":{"count":21330,"self":0.011998799999999999,"total":0.011998799999999999,"children":null},"RequestDecision":{"count":21330,"self":0.0582378,"total":0.18850889999999998,"children":{"AgentInfo.ToProto":{"count":21330,"self":0.0372357,"total":0.1302711,"children":{"GenerateSensorData":{"count":21330,"self":0.09303539999999999,"total":0.09303539999999999,"children":null}}}}}}},"DecideAction":{"count":3551,"self":24.3817184,"total":24.381719,"children":null},"AgentAct":{"count":3551,"self":0.064726499999999992,"total":0.064726499999999992,"children":null},"AgentInfo.ToProto":{"count":358,"self":6.91E-05,"total":0.0010685,"children":{"GenerateSensorData":{"count":358,"self":0.0009994,"total":0.0009994,"children":null}}}},"gauges":{"TagHunter.CumulativeReward":{"count":179,"max":985.207764,"min":-613.34,"runningAverage":-3.892909,"value":-0.34,"weightedAverage":22.4391651},"TagPrey.CumulativeReward":{"count":179,"max":29.6604881,"min":-584.9999,"runningAverage":-67.72127,"value":0.34,"weightedAverage":-60.12303}},"metadata":{"timer_format_version":"0.1.0","start_time_seconds":"1684306802","unity_version":"2021.3.25f1","command_line_arguments":"C:\\Program Files\\Unity\\Hub\\Editor\\2021.3.25f1\\Editor\\Unity.exe -projectpath C:\\Users\\jespe\\coolt-neuralt-natverk -useHub -hubIPC -cloudEnvironment production -licensingIpc LicenseClient-jespe -hubSessionId aec1fa90-f407-11ed-996e-076d2371efbc","communication_protocol_version":"1.5.0","com.unity.ml-agents_version":"2.0.1","scene_name":"TagScene","end_time_seconds":"1684306940"}}