{"count":1,"self":17.946779199999998,"total":18.3942856,"children":{"InitializeActuators":{"count":30,"self":0.0029925999999999998,"total":0.0029925999999999998,"children":null},"InitializeSensors":{"count":30,"self":0.0010000999999999999,"total":0.0010000999999999999,"children":null},"AgentSendState":{"count":900,"self":0.0159945,"total":0.4075446,"children":{"CollectObservations":{"count":5400,"self":0.38198529999999997,"total":0.38198529999999997,"children":null},"WriteActionMask":{"count":5400,"self":0.0039984,"total":0.0039984,"children":null},"RequestDecision":{"count":5400,"self":0.0055664,"total":0.0055664,"children":null}}},"DecideAction":{"count":900,"self":0.014960699999999999,"total":0.014960699999999999,"children":null},"AgentAct":{"count":900,"self":0.021008699999999998,"total":0.021008699999999998,"children":null}},"gauges":{"TagHunter.CumulativeReward":{"count":101,"max":740.543945,"min":-400.04,"runningAverage":-60.3475533,"value":-201.44,"weightedAverage":-140.835526},"TagPrey.CumulativeReward":{"count":101,"max":10.46005,"min":-399.96,"runningAverage":-92.63821,"value":1.43999922,"weightedAverage":-59.1271744}},"metadata":{"timer_format_version":"0.1.0","start_time_seconds":"1684259179","unity_version":"2021.3.25f1","command_line_arguments":"C:\\Program Files\\Unity\\Hub\\Editor\\2021.3.25f1\\Editor\\Unity.exe -projectpath C:\\Users\\jespe\\OneDrive\\Dokument\\Kursmappar\\Advancerad maskininlärning\\Projekt\\coolt-neuralt-natverk -useHub -hubIPC -cloudEnvironment production -licensingIpc LicenseClient-jespe -hubSessionId aec1fa90-f407-11ed-996e-076d2371efbc","communication_protocol_version":"1.5.0","com.unity.ml-agents_version":"2.0.1","scene_name":"TagScene","end_time_seconds":"1684259197"}}