{"count":1,"self":27.4606368,"total":27.996259199999997,"children":{"InitializeActuators":{"count":30,"self":0.0019988,"total":0.0019988,"children":null},"InitializeSensors":{"count":30,"self":0.0015026999999999998,"total":0.0015026999999999998,"children":null},"AgentSendState":{"count":1177,"self":0.0214693,"total":0.4892454,"children":{"CollectObservations":{"count":7080,"self":0.45682209999999995,"total":0.45682209999999995,"children":null},"WriteActionMask":{"count":7080,"self":0.0020764,"total":0.0020764,"children":null},"RequestDecision":{"count":7080,"self":0.0088776,"total":0.0088776,"children":null}}},"DecideAction":{"count":1177,"self":0.018931999999999997,"total":0.018931999999999997,"children":null},"AgentAct":{"count":1177,"self":0.023943199999999998,"total":0.023943199999999998,"children":null}},"gauges":{"TagHunter.CumulativeReward":{"count":2,"max":-0.400000036,"min":-200.40007,"runningAverage":-100.400032,"value":-200.40007,"weightedAverage":-50.4000168},"TagPrey.CumulativeReward":{"count":2,"max":0.400000036,"min":-199.59993,"runningAverage":-99.59997,"value":0.400000036,"weightedAverage":-149.599945}},"metadata":{"timer_format_version":"0.1.0","start_time_seconds":"1684683597","unity_version":"2021.3.25f1","command_line_arguments":"C:\\Program Files\\Unity\\Hub\\Editor\\2021.3.25f1\\Editor\\Unity.exe -projectpath C:\\Users\\jespe\\coolt-neuralt-natverk -useHub -hubIPC -cloudEnvironment production -licensingIpc LicenseClient-jespe -hubSessionId bcf84420-f7bd-11ed-b268-09098fa1b463","communication_protocol_version":"1.5.0","com.unity.ml-agents_version":"2.0.1","scene_name":"TagScene","end_time_seconds":"1684683625"}}