{
    "name": "root",
    "gauges": {
        "MoveToGoal.Policy.Entropy.mean": {
            "value": 1.4242124557495117,
            "min": 1.4242124557495117,
            "max": 1.4242124557495117,
            "count": 1
        },
        "MoveToGoal.Policy.Entropy.sum": {
            "value": 71549.5859375,
            "min": 71549.5859375,
            "max": 71549.5859375,
            "count": 1
        },
        "MoveToGoal.Step.mean": {
            "value": 49988.0,
            "min": 49988.0,
            "max": 49988.0,
            "count": 1
        },
        "MoveToGoal.Step.sum": {
            "value": 49988.0,
            "min": 49988.0,
            "max": 49988.0,
            "count": 1
        },
        "MoveToGoal.Policy.ExtrinsicValueEstimate.mean": {
            "value": 0.7715861201286316,
            "min": 0.7715861201286316,
            "max": 0.7715861201286316,
            "count": 1
        },
        "MoveToGoal.Policy.ExtrinsicValueEstimate.sum": {
            "value": 695.1990966796875,
            "min": 695.1990966796875,
            "max": 695.1990966796875,
            "count": 1
        },
        "MoveToGoal.Environment.EpisodeLength.mean": {
            "value": 206.01255230125523,
            "min": 206.01255230125523,
            "max": 206.01255230125523,
            "count": 1
        },
        "MoveToGoal.Environment.EpisodeLength.sum": {
            "value": 49237.0,
            "min": 49237.0,
            "max": 49237.0,
            "count": 1
        },
        "MoveToGoal.Environment.CumulativeReward.mean": {
            "value": -0.4351464435146444,
            "min": -0.4351464435146444,
            "max": -0.4351464435146444,
            "count": 1
        },
        "MoveToGoal.Environment.CumulativeReward.sum": {
            "value": -104.0,
            "min": -104.0,
            "max": -104.0,
            "count": 1
        },
        "MoveToGoal.Policy.ExtrinsicReward.mean": {
            "value": -0.4351464435146444,
            "min": -0.4351464435146444,
            "max": -0.4351464435146444,
            "count": 1
        },
        "MoveToGoal.Policy.ExtrinsicReward.sum": {
            "value": -104.0,
            "min": -104.0,
            "max": -104.0,
            "count": 1
        },
        "MoveToGoal.Losses.PolicyLoss.mean": {
            "value": 0.021335355481520917,
            "min": 0.021335355481520917,
            "max": 0.021335355481520917,
            "count": 1
        },
        "MoveToGoal.Losses.PolicyLoss.sum": {
            "value": 0.08534142192608367,
            "min": 0.08534142192608367,
            "max": 0.08534142192608367,
            "count": 1
        },
        "MoveToGoal.Losses.ValueLoss.mean": {
            "value": 0.059359246181945005,
            "min": 0.059359246181945005,
            "max": 0.059359246181945005,
            "count": 1
        },
        "MoveToGoal.Losses.ValueLoss.sum": {
            "value": 0.23743698472778002,
            "min": 0.23743698472778002,
            "max": 0.23743698472778002,
            "count": 1
        },
        "MoveToGoal.Policy.LearningRate.mean": {
            "value": 0.00028453815515395,
            "min": 0.00028453815515395,
            "max": 0.00028453815515395,
            "count": 1
        },
        "MoveToGoal.Policy.LearningRate.sum": {
            "value": 0.0011381526206158,
            "min": 0.0011381526206158,
            "max": 0.0011381526206158,
            "count": 1
        },
        "MoveToGoal.Policy.Epsilon.mean": {
            "value": 0.19484605000000005,
            "min": 0.19484605000000005,
            "max": 0.19484605000000005,
            "count": 1
        },
        "MoveToGoal.Policy.Epsilon.sum": {
            "value": 0.7793842000000002,
            "min": 0.7793842000000002,
            "max": 0.7793842000000002,
            "count": 1
        },
        "MoveToGoal.Policy.Beta.mean": {
            "value": 0.004742817895,
            "min": 0.004742817895,
            "max": 0.004742817895,
            "count": 1
        },
        "MoveToGoal.Policy.Beta.sum": {
            "value": 0.01897127158,
            "min": 0.01897127158,
            "max": 0.01897127158,
            "count": 1
        },
        "MoveToGoal.IsTraining.mean": {
            "value": 1.0,
            "min": 1.0,
            "max": 1.0,
            "count": 1
        },
        "MoveToGoal.IsTraining.sum": {
            "value": 1.0,
            "min": 1.0,
            "max": 1.0,
            "count": 1
        }
    },
    "metadata": {
        "timer_format_version": "0.1.0",
        "start_time_seconds": "1683118946",
        "python_version": "3.9.13 (tags/v3.9.13:6de2ca5, May 17 2022, 16:36:42) [MSC v.1929 64 bit (AMD64)]",
        "command_line_arguments": "C:\\UnityProjectsGit\\coolt-neuralt-natverk\\venv\\Scripts\\mlagents-learn --run-id=Test2",
        "mlagents_version": "0.30.0",
        "mlagents_envs_version": "0.30.0",
        "communication_protocol_version": "1.5.0",
        "pytorch_version": "2.0.0+cpu",
        "numpy_version": "1.21.2",
        "end_time_seconds": "1683119075"
    },
    "total": 128.1848288,
    "count": 1,
    "self": 0.017931400000009035,
    "children": {
        "run_training.setup": {
            "total": 0.038340300000000216,
            "count": 1,
            "self": 0.038340300000000216
        },
        "TrainerController.start_learning": {
            "total": 128.1285571,
            "count": 1,
            "self": 0.1574640000000045,
            "children": {
                "TrainerController._reset_env": {
                    "total": 43.456457199999996,
                    "count": 1,
                    "self": 43.456457199999996
                },
                "TrainerController.advance": {
                    "total": 84.370606,
                    "count": 5684,
                    "self": 0.14392959999995014,
                    "children": {
                        "env_step": {
                            "total": 71.61084079999972,
                            "count": 5684,
                            "self": 66.05384169999968,
                            "children": {
                                "SubprocessEnvManager._take_step": {
                                    "total": 5.463880699999855,
                                    "count": 5684,
                                    "self": 0.4292206999992274,
                                    "children": {
                                        "TorchPolicy.evaluate": {
                                            "total": 5.034660000000628,
                                            "count": 5684,
                                            "self": 5.034660000000628
                                        }
                                    }
                                },
                                "workers": {
                                    "total": 0.09311840000019345,
                                    "count": 5683,
                                    "self": 0.0,
                                    "children": {
                                        "worker_root": {
                                            "total": 75.37818019999995,
                                            "count": 5683,
                                            "is_parallel": true,
                                            "self": 26.667294299999668,
                                            "children": {
                                                "steps_from_proto": {
                                                    "total": 0.00039389999999883685,
                                                    "count": 1,
                                                    "is_parallel": true,
                                                    "self": 0.00017839999999580414,